{"train_loss": [4.1302008628845215, 4.128942012786865, 4.127974510192871, 4.12687349319458, 4.125521659851074, 4.124081134796143, 4.122627258300781, 4.121131420135498, 4.119635105133057, 4.118139743804932, 4.116622447967529, 4.1150736808776855, 4.1134796142578125, 4.111874103546143, 4.110261917114258, 4.108656406402588, 4.107054233551025, 4.105449199676514, 4.103860378265381, 4.10225772857666, 4.100614070892334, 4.098942756652832, 4.097200393676758, 4.095411777496338, 4.093516826629639, 4.092024803161621, 4.090153217315674, 4.088201999664307, 4.086622714996338, 4.084971904754639, 4.086402416229248, 4.083338737487793, 4.079949378967285, 4.07781982421875, 4.075876235961914, 4.073940753936768, 4.073069095611572, 4.070120811462402, 4.06773042678833, 4.0662150382995605, 4.063645362854004, 4.0614094734191895], "val_loss": [3.2548842430114746, 3.254626512527466, 3.2544729709625244, 3.2544174194335938, 3.2544105052948, 3.254413604736328, 3.2544188499450684, 3.254427194595337, 3.2544333934783936, 3.254426956176758, 3.2544009685516357, 3.2543563842773438, 3.2543020248413086, 3.2542426586151123, 3.2541823387145996, 3.254127264022827, 3.2540807723999023, 3.254053831100464, 3.2540555000305176, 3.2540907859802246, 3.254155397415161, 3.254237413406372, 3.2543270587921143, 3.2544105052948, 3.2544593811035156, 3.254512071609497, 3.2545371055603027, 3.254596471786499, 3.2546231746673584, 3.2547519207000732, 3.2547709941864014, 3.2546231746673584, 3.2546298503875732, 3.2547101974487305, 3.254669189453125, 3.254648208618164, 3.254652976989746, 3.254629373550415, 3.254650592803955, 3.254633903503418, 3.2545292377471924, 3.254486083984375], "train_auc": [0.4967491853700037, 0.5235644262644349, 0.5413192333864947, 0.5602020318509631, 0.5797023006016468, 0.5985769114030528, 0.6159037190749201, 0.6315912307518099, 0.6456028928596312, 0.658314490436005, 0.6701089738415634, 0.6811865914762302, 0.6911966301675944, 0.6996730559555003, 0.7074897650322691, 0.7148772876279618, 0.7219500414320895, 0.7286761349958649, 0.7347054386554038, 0.7400238366051013, 0.7446621675242073, 0.7489404321773554, 0.7528986461741848, 0.7565895553644202, 0.7604965364112601, 0.7651223862727007, 0.7649784272034542, 0.7709813061147995, 0.7720124508029563, 0.7758792435444074, 0.7665460921759227, 0.7771420918944757, 0.7809326757601667, 0.7836597445024609, 0.7793852049438605, 0.7851534093968552, 0.7888081105439918, 0.7839679008117943, 0.7863506457557286, 0.7873365129010402, 0.7854367947903114, 0.7878923076382737], "val_auc": [0.49874579750416553, 0.5042440755231524, 0.49933840575135213, 0.5052739540876247, 0.5109792944563475, 0.5114039409889363, 0.5095012245154438, 0.5086814584688395, 0.5103372494444954, 0.512837684563488, 0.5143828924366016, 0.5137676399828837, 0.5127734008160302, 0.5131807887478946, 0.5146699824321939, 0.5161712824548907, 0.5178608979240654, 0.5211201891751018, 0.5255530412234156, 0.5313838867011709, 0.5380988663391436, 0.5429859107997573, 0.5445138219371626, 0.5441633258997262, 0.5428179338066017, 0.5420285047444048, 0.5399879330593902, 0.5415927373100852, 0.5411461672213562, 0.5362342827255371, 0.5418049346242305, 0.5502341428058078, 0.5471289229314574, 0.5389434384893396, 0.5478326670736838, 0.5436974368401587, 0.5469256757478704, 0.53994838310604, 0.5378995036372196, 0.5376678505700198, 0.5396650858868783, 0.5405797228870243]}