{"train_loss": [4.841617242427869, 4.7988292739889715, 4.778227636369608, 4.7712438130109325, 4.764430122523658, 4.749824602725142, 4.740768966364995, 4.735440204372514, 4.735161139129919, 4.728380272280698, 4.731630354614581, 4.7334746068480325, 4.728874154346811, 4.723897716419845, 4.721683482329051, 4.720058017868107, 4.7186725301257635, 4.717358587151867], "val_loss": [2.9321772915015862, 2.9114384588490174, 2.9042545756007114, 2.9132982515162085, 2.89287351744204, 2.8842695525324924, 2.878337917894852, 2.8805482449328026, 2.8744833505735166, 2.8724452020009843, 2.879673697690411, 2.875979516927789, 2.8741356219823766, 2.87349797276462, 2.8733733078328574, 2.873483151470016, 2.8730281511457956, 2.8727940141064363], "train_auc": [0.6492836774610211, 0.7197467860437453, 0.742817831195019, 0.7510418587458185, 0.7601544793156083, 0.7732703699968637, 0.7774580428053172, 0.7810250590767255, 0.7826908976928122, 0.7868082076801667, 0.7830570500768714, 0.7803994006773386, 0.7842545621312329, 0.7875179643081136, 0.7886221952657179, 0.7893148748488412, 0.7896340940803508, 0.7901110674146539], "val_auc": [0.7012090304433546, 0.7508418438339424, 0.7765734047660858, 0.7917045798557951, 0.8127951265588715, 0.8217480806534996, 0.8113601724326237, 0.825782437473606, 0.8244779651831033, 0.8204651584085506, 0.8070689371156692, 0.803082951164895, 0.8081682440889187, 0.8080663222166069, 0.8076322940642815, 0.8070022723589005, 0.8066540144609867, 0.8064580081953813]}